Operation,PostTime
CREATE,32.110619469026545
EDIT,14.114250614250615
