Operation,PostTime
CREATE,32.110619469026545
EDIT,1039.7363896848137
